timestamp_iso,mapping_id,sources_json,target_module,symbols_json,hit_count
2025-08-14T12:26:03Z,5,"[""trading.models.order"",""src.trading.models.order""]",src.trading.models.order,"[""*""]",3
2025-08-14T12:26:03Z,12,"[""core.performance.market_data_cache"",""src.core.performance.market_data_cache""]",src.core.performance.market_data_cache,"[""*""]",3
2025-08-14T12:26:03Z,13,"[""trading.models.position"",""src.trading.models.position""]",src.trading.models.position,"[""*""]",2
2025-08-14T12:26:03Z,14,"[""core.interfaces"",""src.core.interfaces""]",src.core.interfaces,"[""*""]",43
2025-08-14T12:26:03Z,15,"[""core.exceptions"",""src.core.exceptions""]",src.core.exceptions,"[""*""]",13
2025-08-14T13:18:44Z,5,"[""trading.models.order"",""src.trading.models.order""]",src.trading.models.order,"[""*""]",3
2025-08-14T13:18:44Z,12,"[""core.performance.market_data_cache"",""src.core.performance.market_data_cache""]",src.core.performance.market_data_cache,"[""*""]",3
2025-08-14T13:18:44Z,13,"[""trading.models.position"",""src.trading.models.position""]",src.trading.models.position,"[""*""]",2
2025-08-14T13:18:44Z,14,"[""core.interfaces"",""src.core.interfaces""]",src.core.interfaces,"[""*""]",43
2025-08-14T13:18:44Z,15,"[""core.exceptions"",""src.core.exceptions""]",src.core.exceptions,"[""*""]",13
2025-08-14T19:11:26Z,5,"[""trading.models.order"",""src.trading.models.order""]",src.trading.models.order,"[""*""]",2
2025-08-14T19:11:26Z,12,"[""core.performance.market_data_cache"",""src.core.performance.market_data_cache""]",src.core.performance.market_data_cache,"[""*""]",3
2025-08-14T19:11:26Z,13,"[""trading.models.position"",""src.trading.models.position""]",src.trading.models.position,"[""*""]",2
2025-08-14T19:11:26Z,14,"[""core.interfaces"",""src.core.interfaces""]",src.core.interfaces,"[""*""]",44
2025-08-14T19:11:26Z,15,"[""core.exceptions"",""src.core.exceptions""]",src.core.exceptions,"[""*""]",10
